{
  "a": 255,
  "b": -128,
  "c": 65535,
  "d": -32768,
  "e": 4294967295,
  "f": -2147483648,
  "g": {
    "$bigint": "18446744073709551615"
  },
  "h": {
    "$bigint": "-9223372036854775808"
  },
  "i": 3.4028234663852886e+38,
  "j": 2.2250738585072014e-308,
  "k": false,
  "l": "􏿿"
}
